framework,Total Mem Usage All Nodes
kubernetes,4683271628.6299
karmada,4773773194.064231
ocm,5575917109.864895
oakestra,5396410798.919158
