framework,average_cpu_total
ocm,23.90920561092658
karmada,23.8764315245478
oakestra,23.887257239106017
kubernetes,23.878500556614533
